segment_0.wav|Շուշանը — մի պստիկ, լղար կին — կուչ էր եկել իրենց տան անկյունում:
segment_1.wav|Այդ տուն կոչվածը մի բավական մեծ խրճիթ էր, որ երբեմն տիրոջ կթան կովերի համար գոմի տեղ էր ծառայում:
segment_2.wav|Պատերն այնքան խոնավ էին, որ քիչ-էր մնում ջուր
segment_3.wav|Գետնից բավական բարձր գտնված մի հատիկ լուսամուտի չորս ապակիներից երկուսը կոտրված էին և տեղը թղթեր էին կպցրած:
segment_4.wav|Ներսն այնքան մութն էր, որ ցերեկվա լույսից մտնողը պետք է մի քանի րոպե սպասեր, մինչև որ բան տեսներ:
segment_5.wav|Սակայն դրսից լույսը մտնելուն քիչ չէին օգնում և հին փտած դռան տախտակները, որոնք ժամանակի ընթացքում չորանալով՝ մի-մի մատ հեռացել էին իրարից և իրենց արանքներից լույսի զուգահեռական գծեր էին շպրտում մինչև հանդեպի պատը:
segment_6.wav|Աշուն էր:
segment_7.wav|Ցուրտ քամին շրխկշրխկացնելով շարժում էր դուռը և սվսվալով ներս մտնում տախտակների արանքներից:
segment_8.wav|Լուսամուտի երկու կոտրված ապակու տեղ կպցրած թղթերն ուռչում փքվում էին դեպի ներս, դողում էին և ապա հանկարծ դեպի դուրս փլխվում շառաչյունով:
segment_9.wav|Շուշանն ամբողջ մարմնով դողալով կուչ էր եկել հնամաշ լաթերի վրա և վերմակի նմանություն ունեցող մի ինչ-որ բան էլ վրան էր առել:
segment_10.wav|Նա տնքում էր և քամու կատաղի ոռնոցի ու դռան շրխկշրխկոցի մեջ հազիվ էր լսվում նրա տնքոցի ձայնը,
segment_11.wav|երբեմն էլ ջղաձգաբար կծկվում էր, ատամները պինդ հուպ տալիս իրար ու հանկարծ բերանը լայն բանալով՝ երկարատև սուր ճիչ
segment_12.wav|Նա երկունքի մեջ էր, հազիվ երեսուն տարեկան, արդեն չորս որդի ուներ և մեկն էլ շուտով լույս աշխարհ պիտի գար:
segment_13.wav|Ո՞ւմ համար, ինչի՞ համար, ի՞նչ օրումն էին արդեն եղածները, որ մեկն էլ պիտի ավելանար:
segment_14.wav|Տավար քշող էր Շուշանի մարդը: Ղասաբները Սաղում տավար ու ոչխար էին առնում, տալիս էին Կարապետին, և նա քշում էր դեպի սպանդանոց, որտեղից այնուհետև մորթած մսերը ֆուրգոնի մեջ ածած, ինքն էլ վրեն բազմած՝ բերում հանձնում էր տերերին:
segment_15.wav|Կամ թե հավատացյալ մարդիկ մատաղացու էին առնում և տալիս նրան, որ տանի մորթի կամ մատաղ անողի տանը, կամ որևէ սրբի դռանը:
segment_16.wav|Օրերով և շաբաթներով տան երեսը չէր տեսնում Կարապետը, այնպես որ ընտանիքի ամբողջ հոգսը Շուշանի վրա էր մնում: Նա թել էր մանում, հինած գործում, տոպրակներ կարում, պարսիկ վաճառականի խանութում նուշ ու ընկույզ կոտրում:
segment_17.wav|Բայց և այնպես նրա վաստակածն այնքան քիչ էր, որ հազիվհազ բավականացնում էր տան վարձը տալու և ցամաք հաց առնելու:
segment_18.wav|Կարապետի ընտանիքը դառն օրեր էր քաշում մանավանդ ձմեռը, երբ գործ հազիվ էր ճարվում, երբ հարկավոր էր տաք հագուստ, վառելիք, մի քիչ լավ սնունդ:
segment_19.wav|Ձմեռն այնպես անցնում էր, որ նրանց քուրսին գրեթե երբեք չէր տաքանում: 
segment_20.wav|Ինքը՝ Կարապետը մի հին քուրք ուներ և կոլոլվում էր մեջը, բայց կնոջ ունեցածը չթի մի դերիա էր հազար տեղ կարկատան գցած և մեկ էլ մի ցեցակեր շալ
segment_21.wav|իսկ երեխաները տկլոր, չփլախ վնգվնգում էին ցրտից կապտած:
segment_22.wav|Նրանց կերակուրն էլ երբեմն սպանդանոցից Կարապետի բերած տավարի մսազերծ ոսկորներն էին լինում, որ նրանք խաշում և խփշտում էին ջուրը:
segment_23.wav|Չորս երեխաներից ամենամեծը տղան էր մոտ տասը տարեկան:
segment_24.wav|Հայրը սկզբում նրան մանրավաճառի մոտ աշակերտ տվեց, շաբաթը բերում էր 20 կոպեկ
segment_25.wav|բայց շատ չկացավ, փախավ և սկսեց պարապ-սարապ թրև գալ իր նման փոքրիկ փողոցային տղաների հետ:
segment_26.wav|Հոր ծեծը չազդեց նրան, տնից էլ փախավ, և ծնողները չէին իմանում որտեղ է նա օրը մթնացնում և գիշերը լուսացնում:
segment_27.wav|Վերջապես հայրը մի անգամ տեսավ, որ մի ոստիկան նրա թևից բռնած տանում էր ոստիկանատուն.
segment_28.wav|նրան բռնել էին գողության համար:
segment_29.wav|Սեդրակը (այդպես էր Կարապետի, որդու անունը) սփրթնել, թուքը ցամաքել էր, բայց ոստիկանի հետ գնում էր համարձակ քայլերով, տղամարդու պես:
segment_30.wav|Նա տեսավ հորը, բայց ձայն-ծպտուն չհանեց
segment_31.wav|Հախդ ա, շան որդի
segment_32.wav|ասաց հայրը և անցավ գնաց:
segment_33.wav|Այդ րոպեին նա, մի կարճ ճիպոտ ձեռքին, մի քանի ոչխար էր
segment_34.wav|Աշնան քամին ոռնում էր դուրսը: Շուշանը տնքում էր ներսը:
segment_35.wav|Երեխաներից երկուսը, — մեկը երեք, մյուսը չորս տարեկան, — ծալապատիկ նստած էին խոնավ գետնին փռած մի հնամաշ խալիչի վրա և ոտով-գլխով ծածկվել էին հազար ու մի ծակուծուկ ունեցող մի հին, դեղնած յափնջու տակ:
segment_36.wav|Այդ յափնջին թուխս նստած հավի դեր էր կատարում, իսկ նրա տակ ցրտից պատսպարված երեխաները ճուտերի էին նման:
segment_37.wav|Տեղը տաք էր, և նրանք խաղում էին իրար հետ. յափնջու տակից լսվում էին անհոգ քչփչոցի և երբեմն ծիծաղի ձայները:
segment_38.wav|Քամու կատաղի ժամանակ, երբ դուռը սովորականից ավելի էր չխչխկում, նրանք հանկարծ գլխներից ետ էին քաշում յափնջու ծայրը, նայում էին դռանն այնպիսի հայացքով, որ կարծես մարդու էին սպասում և տեսնելով, որ մտնող չկա, ցրտից սարսռալով յափնջին նորից գլխներին էին քաշում և շարունակում իրենց մանկական քչփչոցը:
segment_39.wav|Դուռը բացվեց և շտապով ներս մտավ ոտաբոբիկ, գլխաբաց, գզգզված մազերով 7 — 8 տարեկան մի աղջիկ:
segment_40.wav|Սառը քամին խանձել էր նրա դեմքը, ձեռքերը և մերկ ոտները կապտել էին:
segment_41.wav|Շալակին մի տոպրակ ուներ: 
segment_42.wav|Մի ոտը գետնին դիմհար տալով, ցրտից սառած ձեռքով հազիվ կարողացավ քամու ուժգին հոսանքի դեմ ետ դնել դուռը և ներսի սողնակը գցել:
segment_43.wav|Յափնջին նորից շարժվեց, և փոքրիկներն ուրախական ծղրտոցով ողջունեցին իրենց քրոջ գալուստը:
segment_44.wav|Նույն րոպեին յափնջին մի կողմ թռավ, և արդեն ոտի վրա էին երկու գրեթե մերկ երեխաները ուրախ, երջանիկ դեմքով:
segment_45.wav|Ցուրտը մոռացան նրանք, որովհետև հացի հոտ առան:
segment_46.wav|Վայ, ջանս-մանս, Սոնեն հաց ա բերել, — ուրախությունից պար եկավ մեծը:
segment_47.wav|Վա՜յ, ջանս-մանս, Սոնեն հաց ա բերել, — կապկի պես կրկնեց փոքրիկը:
segment_48.wav|Սոնեն դուռը փակելուց հետո շտապով մոտեցավ մորը և տոպրակը շալակից վար բերեց:
segment_49.wav|Ա՛յ, հաց էլ տվին, պանիր էլ, — ասաց նա այնպիսի ուրախությամբ, որ կարծես շալակով ոսկի էր բերել:
segment_50.wav|Բայց և այնպես նրա ատամները ցրտից զարկվում էին իրար:
segment_51.wav|Մայրը տանջալից հայացքով նայեց նրան:
segment_52.wav|Տուր էդ լակոտներին՝ ուտեն
segment_53.wav|ասաց նա և նույն րոպեին սոսկալի ցավերից կուչ ու հուպ եկավ, հազիվ զսպելով իրեն, որ չճչա:
segment_54.wav|Բայց Սոնեն կամեցավ նախ տաքացնել սառած ձեռները: Եվ մինչդեռ նա մղկտացող տասը մատների ծայրերը կպցրել էր շրթունքներին և բերնի գոլորշին արտաշնչում էր նրանց վրա, երկու «լակոտները» հափշտակեցին նրա ոտների առջև դրված տոպրակը և հավաքական ուժով քարշ տվին դեպի յափնջին:
segment_55.wav|Քույրը կատվի մի թռիչքով հասավ նրանց հետևից և պինդ փամփաչեց նրանց գլխին:
segment_56.wav|Փոքրիկն սկսեց բարձրաձայն լաց լինել, իսկ մեծը պռոշ արեց, բայց զսպեց իրեն:
segment_57.wav|Ա՛յ, կտորվեք դուք, կտորվեք
segment_58.wav|ուժասպառ, հազիվ լսելի ձայնով անիծեց մայրը:
segment_59.wav|Աղջի, ի՞նչ ես ուզում էդ լակոտներից:
segment_60.wav|Բա խի՞ չեն մուլափ տալի
segment_61.wav|հանգիստ նկատեց Սոնեն, տոպրակը դրեց խալիչի վրա, ծալապատիկ նստեց առջևը և բերանը բաց արեց:
segment_62.wav|Տոպրակը կիսով չափ լիքն էր հացի կծմծած չոր կտորտանքով և երեսին պանրի դեղնած, չորացած փշրանք էր թափված:
segment_63.wav|Փոքրիկը լռեց և մյուսի հետ գնաց նստեց տոպրակի առջև:
segment_64.wav|Ձեռ չտաք, թե չէ, կսպանեմ — սպառնաց քույրը և վեր կացավ, որ թարեքից մի քրեղան վերցնի պանրի փշրանքը մեջն ածելու:
segment_65.wav|Բայց քաղցած երեխաները չվախեցան այդ սպառնալիքից, հազիվ քույրը մի երկու քայլ էր արել, որ նրանք ձեռները կոխեցին տոպրակը և յուրաքանչյուրը թռցրեց հացի առաջին պատահած կտորը:
segment_66.wav|Սոնեն այս անգամ էլ կամեցավ վրա հասնել, բայց արդեն ուշ էր. երեխաներից մեկը մի անկյուն թռավ, մյուսը մյուս և ամեն մեկն արդեն ագահաբար կրծում էր իր հափշտակած որսը, երբ քույրը նախ մեկին սկսեց թակել, հետո մյուսին:
segment_67.wav|Երեխաները կուչ էին եկել մեկը մի, մյուսը մյուս անկյունում, հափշտակված հացի կտորները պինդ շեքներն էին կոխել, որ քույրը չխլի, և թեև քրոջ անխնա հարվածները բավական ցավ էին պատճառում նրանց տկլոր մարմնին, ձայնները փորն էին գցել, լաց չէին լինում
segment_68.wav|երևի զգում էին, որ հանցավոր են քրոջ նախազգուշացումը չլսելու համար և իրենց արժանի պատիժն են կրում:
segment_69.wav|Սակայն վերջ ի վերջո Սոնին աջողվեց երկուսի ձեռքից էլ խլել հափշտակած հացի կտորները:
segment_70.wav|Այս անգամ արդեն այնպիսի ճիչ ու ծղրտոց ընկավ խրճիթում, որ այլևս չէր լսվում քամու կատաղի ձայնը:
segment_71.wav|Բա , ձեզ չասացի՞ ձեռ չտաք
segment_72.wav|խրատական տոնով նկատեց քույրը:
segment_73.wav|Տո՜, տափը մտած, ի՞նչ ես ուզում էդ լակոտներից
segment_74.wav|տանջված ձայնով աղաղակեց մայրն աղջկա վրա:
segment_75.wav|Տո՛ւր զահրումար անեն, էլի՛: Ես իմ ցավերի հետ ըլե՞մ, թե ձեզ հետ:
segment_76.wav|Ա՜, կտորվեք դուք, կտորվեք:
segment_77.wav|Բա՜, խի՞ չեն մուլափ տալի, — հանգիստ կրկնեց Սոնեն և գնաց, որ քրեղանը վեր բերի թարեքից:
segment_78.wav|Մոր պաշտպանությունն առիթ տվեց երեխաներին ավելի ևս բարձրացնելու իրենց ձայնը, ճղճղում էին խոզի ճուտերի պես:
segment_79.wav|Մայրը իր զգացած ցավերից և այդ միալար ճղճղոցից ծայր աստիճան ջղայնացած՝ վեր թռավ տեղից, վազեց դեպի աղջիկը և այնպես պինդ ձիգ տվեց նրա մազերից, որ նա ձեռքից բաց թողեց երեխաներից խլած հացի կտորները և մի սոսկալի ճիչ արձակելով՝ փռվեց գետին:
segment_80.wav|Դրանից հետո Շուշանը անլուր անեծքներ թափելով քարշ եկավ նորից դեպի իր լաթերը և նորից կոլոլվեց նրանց մեջ:
segment_81.wav|Այժմ երեխաները մի անգամից լռեցին
segment_82.wav|և, նրանց քույրն էր միայն, որ գետին ընկած՝ լաց էր լինում:
segment_83.wav|Ձենդ կտրի, թե չէ, էս ա, էլի վեր կացա:
segment_84.wav|Մոր այդ սպառնալիքն ազդեց միայն այնքան, որ Սոնեն ձայնը մի քիչ ցածրացրեց
segment_85.wav|հետո կամաց-կամաց լռեց, վեր կացավ, հավաքեց գետին թափված հացի կտորտանքը և ուռած-փքված շպրտեց երեխանց առաջը, ասելով.  — Ըհը՜, չոռ արեք:
segment_86.wav|Երեխաներն իսկույն վրա թափվեցին քաղցած գայլերի՝ պես:
segment_87.wav|Սոնեն թարեքից վերցրեց մի քրեղան, գնաց նստեց հացի տոպրակի առջև և սկսեց պանրի փշուրները ջոկել և քրեղանն ածել:
segment_88.wav|Երեխաները վախվխելով մոտեցան նրան և սկսեցին վնգստալ. պանիր էին ուզում:
segment_89.wav|Ըհը՛, չոռ արեք, — կրկնեց քույրն առաջվա պես ուռած-փքված, պանրի մի-մի փշուր թափելով նրանց վրա:
segment_90.wav|Երեխաներն ագահաբար վրա ընկան՝ գետին թափված պանրի փշրանքները հավաքելու:
segment_91.wav|Սոնեն պանրի փշրանքը հացի կտորտանքից ջոկում և քրեղանն էր ածում մեծ գործ կատարող մարդու լրջությամբ:
segment_92.wav|Նա մի առանձին հպարտություն էր զգում, որ այդքան հաց ու պանիր էր բերել իրենց ծանոթ մի հարուստ ընտանիքից, ուր հաճախ ինքը կամ մայրը մի փոր հացի համար գնում էին ամբողջ օրով կամավոր աղախնի դեր կատարելու
segment_93.wav|սամավար սրբելու, կերակրի կաթսաներ մոխրելու, բակն ավլելու, հավաքված աղբը թափելու, օրորոցի երեխայի աղտոտած պարուրները լվանալու և այլն:
segment_94.wav|Պանիրը հացից ջոկելիս Սոնեն, իհարկե, չմոռացավ իրեն, թեև ճանապարհին իր բաժինն արդեն կերել էր, նա ջոկեց հացի համեմատաբար մի փափուկ կտոր ու պանրի մի մեծ փշուր և սկսեց ուտել:
segment_95.wav|Երեխաներն իրենց բաժինը ձեռաց վերջացրին, նստեցին հացի տոպրակի մոտ և սկսեցին նորից վնգստալ:
segment_96.wav|Քույրն այս անգամ այնքան բարեհաճ գտնվեց, որ առանց ծեծ ու կռվի մի-մի կտոր հաց ու պանիր էլ շպրտեց նրանք գոգը:
segment_97.wav|Այդ օրը մի տոն էր նրանց համար, — հացի հետ պանիր էլ էին ուտում: Այդպիսի երջանկություն շատ քիչ էր պատահում նրանց:
segment_98.wav|Երբ նրանք կշտացրին իրենց քաղցած փորը, նորից մտան յափնջու տակ, այս անգամ հյուրասիրելով և քրոջը, որ արդեն հաշտվել էր նրանց հետ:
segment_99.wav|Երեքն էլ գոհ էին իրենց վիճակից, փորները կուշտ էր, յափնջին տաք, էլ ի՞նչ էր հարկավոր, — ոչինչ:
segment_100.wav|Եվ նրանք, յափնջու տակ ուրախ-զվարթ՝ քչփչում-ճլվլում էին թխսկան հավի թևերի տակ պատսպարված ձագուկների պես:
segment_101.wav|Այնինչ աշնանային կարճատև օրն արագորեն մթնում էր և առանց այն էլ մութ խրճիթը թաղվում էր մթության մեջ:
segment_102.wav|Դռան տախտակների արանքից ներս թափանցող լույսի շերտերն այժմ հազիվ էին նշմարվում:
segment_103.wav|Օրը տարաժամելու հետ քամին կարծես ավելի՝ էր սաստկանում և սպառնում լուսամուտի թղթերը պատռելով ներս խուժել ամբողջ թափով:
segment_104.wav|Աղջի՜, — կանչեց Շուշանը: 
segment_105.wav|Սոնեն գլուխը հանեց յափնջու տակից:
segment_106.wav|Վեր կաց էն անտեր ճրագը վառի:
segment_107.wav|Ցրտից սարսռալով Սոնեն դուրս սողաց իր տաք տեղից, վառեց թարեքի վրա դրված լամպը և վազելով նորից մտավ յափնջու տակ:
segment_108.wav|Լամպն այնքան լույս չէր արձակում, որքան ծուխ, որովհետև ապակին կիսով չափ կոտրված էր
segment_109.wav|ծուխը հաստ շերտերով լիզել էր ապակու պատերը և այժմ այդ շերտերի վրա նոր շերտեր էր ավելացնում:
segment_110.wav|Յափնջու տակ քչփչոցի ձայները շարունակվում էին
segment_111.wav|ամենից շատ լսվում էր քրոջ ձայնը. ինչպես երևում էր, հեքիաթ էր պատմում:
segment_112.wav|Սակայն այդ քչփչոցի ձայները շուտով տեղի տվին հորանջումների:
segment_113.wav|Սոնեն նորից դուրս սողաց յափնջու տակից, հայտնի չէ որտեղից, քարշ տվեց մի ներքնակ ու վերմակ, անկողին պատրաստեց, որի վրա պառկեցրեց երկու փոքրիկներին, վերմակն ու յափնջին խնամքով ծածկեց, ինքն էլ մտավ նրանց կողքին
segment_114.wav|ու գրեթե նույն րոպեին քնեցին երեքն
segment_115.wav|Այնինչ նրանց մայրը իր լաթերի վրա կուչ ու հուպ գալով շարունակում էր տնքալ զսպված ձայնով, ցավերը գնալով սաստկանում էին:
segment_116.wav|Մենակ էր, ոչ ոք չուներ, որ օգներ
segment_117.wav|Երկու երեխա այդպես, առանց «տատմոր» օգնության էր բերել, որովհետև աղքատ
segment_118.wav|Նույն այդ աղքատությունն էր պատճառը, որ մինչև այժմ ծնած բոլոր երեխաներն ամիսներով, «հարամ» էին
segment_119.wav|մարդ չէր ճարվում, որ «հալալեր» — կնքահայր դառնար:
segment_120.wav|Եվ այդպես էլ «հարամ» կմեծանային նրանք, եթե չլիներ այն ընտանիքը, որ այդ օրը մի տոպրակ հացի կտորներ և պանրի փշրանքներ էր ուղարկել
segment_121.wav|այդ ընտանիքի հայրն էր, որ «հոգու խաթեր» իր որդուն ուղարկում էր Կարապետի երեխաներին կնքահայր դառնալու, մի քանի ռուբլի ծախսելով:
segment_122.wav|Շուշանը երախտագիտությամբ էր հիշում այդ ընտանիքի անունը, որը հացի կծմծած, բորբոսնած կտորները, կերակրի մնացորդը, երբեմն էլ գործածությունից ելած հնամաշ լաթերը տալիս էր նրան իր երեխաների համար:
segment_123.wav|Բայց Շուշանն ամոթխած կին էր. երեսը չէր բռնում ամեն կարիք եղած ժամանակ դիմելու այդ ընտանիքին, ուստի մեծ մասամբ սոսկալի աղքատություն էր քաշում:
segment_124.wav|Մեծ որդուց հույսը բոլորովին կտրել էր
segment_125.wav|այդ որդին անդարձ «պաժառնի» էր դարձել և, չնայելով փոքր հասակին, մի քանի անգամ բանտ էր նստել:
segment_126.wav|Մարդը մեծ մասամբ պարապ էր, վերջերն էլ սկսել էր իրեն գինու տալ, այնպես որ գործ եղած ժամանակ էլ հազիվ մի-մի անգամ մի քանի ֆունտ ցամաք հաց կամ ոչխարի գլուխ ու ոտներ էր բերում տուն:
segment_127.wav|Պատահում էր, որ Կարապետը օրերով, նույնիսկ շաբաթներով տան երես չէր տեսնում, որովհետև ոչխար կամ տավար էին հանձնում նրան հեռու տեղ քշելու:
segment_128.wav|Այժմ էլ բացակա էր
segment_129.wav|մի. ամբողջ հոտ մատաղացու ոչխար էր քշել Բոլնիսի սուրբ Գևորգ ուխտատեղին, որի տոնն էր այդ շաբաթ, և ո՜վ գիտե՝ ե՜րբ կվերադառնար:
segment_130.wav|Այսպիսով Շուշանը երկունքի ծանր օրերին մնացել էր մենակ, իր երեք երեխաների հետ
segment_131.wav|դուռն երեսին ետ դրած, քաղցած, տկլոր:
segment_132.wav|Ցուրտն էլ մյուս կողմից էր նեղում:
segment_133.wav|Աշնան և ձմռան ամիսներին քաղցն այնքան զգալի չէր այդ աղքատ ընտանիքի համար, որքան՝ ցուրտը
segment_134.wav|հաց այսպես թե այնպես միշտ կարելի էր ճարել, բայց ածուխ, բայց փայտ, բայց տաք հագուստ ո՞վ
segment_135.wav|Մի ամբողջ շաբաթ է, որ ցուրտ քամին չի դադարում, փլում մարդու երես և խանձում, մտնում է խրճիթի հազար ու մի ծակուծուկերից:
segment_136.wav|Լաթերն այնքան ուժ չունեն, որ տաքացնեն Շուշանի կմախքացած մարմինը:
segment_137.wav|Կարելույն չափ աշխատում է կծկվել, բայց և այնպես ոտները սառույց են կտրվել, թեև երբեմն-երբեմն ցավերի ուժգնության ժամանակ, նրա պարանոցը կզակի տակ և ճակատը ծածկվում են քրտինքով:
segment_138.wav|Բայց ցուրտն ինքնըստինքյան:
segment_139.wav|Երկունքի ցավերն են, որ գնալով սոսկալի տանջանքներ են պատճառում:
segment_140.wav|Նա այլևս չի կարողանում զսպել իրեն, կուչ ու հուպ է գալիս, աղաղակում:
segment_141.wav|Խրճիթում լսվում է երեք քնած երեխաների հավասար շնչառությունը
segment_142.wav|թնդանոթ անգամ արձակես՝ չեն զարթնի:
segment_143.wav|Թարեքին դրված լամպի կոտրված ապակին արդեն բոլորովին սևացել է
segment_144.wav|վառած թոնրի նման սև ծուխ և ալ կարմիր բոց է
segment_145.wav|Խրճիթը հետզհետե լցվում է թանձր ծխով, որի հետ խառն՝ օդի մեջ անհամար ճանճերի պես պտույտ-պտույտ են անում սև մրի փաթիլները:
segment_146.wav|Եվ ծխի ու մրի այդ թանձրության մեջ անշուշտ կխեղդվեն երեխաներն իրենց մոր հետ, եթե քամին խրճիթի անհամար ճեղքերից չմաքրի օդը:
segment_147.wav|Իսկ քամին գնալով ավելի ու ավելի սաստկանում է և շվացնում խրճիթի հայտնի չէ ո՜ր
segment_148.wav|Դուռը դրնգալով ու շրխկալով շարժվում է տեղից, լուսամուտին կպցրած թղթերը բրբռում են արդեն միջից կես եղած:
segment_149.wav|Իսկ Շուշանն իր լաթերի վրա անտանելի տանջանքով մերթ պպզում, մերթ թավալգլոր է գալիս վիրավորված անասունի պես
segment_150.wav|Ադամամութին, երբ հարևանի բակում աքաղաղն սկսեց կանչել իր ծուղրուղուն, Սոնեն աչքերը բաց արեց և գլուխը հանեց վերմակի ու յափնջու տակից:
segment_151.wav|Առաջին բանը, որ տարօրինակ թվաց նրան, այդ այն էր, որ թարեքին դեռևս վառվում էր լամպը ծխի և մրի մեջ կորած:
segment_152.wav|Հետո նրա ականջին դիպավ մի անսովոր ձայն, — կարծես կատվի ձագ էր մլավում:
segment_153.wav|Նա նստեց անկողնում և բնազդմամբ նայեց մոր կողմը:
segment_154.wav|Ու ծխից գոյացած մշուշի մեջ հազիվ նշմարեց մոր ուրվագիծը, որ լաթերի վրա պպզած ինչ-որ տարօրինակ շարժողության մեջ էր, կարծես լվացք էր անում:
segment_155.wav|Մլավոցի ձայնն էլ այնտեղից էր գալիս:
segment_156.wav|Նա կամաց վեր կացավ և ցրտից սարսռալով մոտեցավ մորը:
segment_157.wav|Մոր ծնկների արանքին մի պստիկ, շատ պստիկ մանուկ տեսավ, մերկ, կարմիր:
segment_158.wav|Մայրը ամբողջ մարմնով խոնարհված նրա վրա, ատամները պինդ սեղմել էր իրար և ձեռքերով հուպ էր տալիս մանկան կոկորդը
segment_159.wav|շարունակ կրկնելով սեղմած ատամների
segment_160.wav|Ի՞նչ եմ անում... ի՞նչ եմ անում...
segment_161.wav|քիչ ունե՞մ...
segment_162.wav|քե՞զ ոնց պահեմ...
segment_163.wav|քե՞զ ոնց պահեմ...
segment_164.wav|Մանուկը գլուխը ետ էր գցել, աչքերը փակ տարօրինակ կերպով շարժում էր պստիկ կարմիր ոտներն ու ձեռքերը:
segment_165.wav|Ձայնը այլևս չէր լսվում:
segment_166.wav|Սոնեն հանկարծ ճչաց
segment_167.wav|ինքն էլ չէր իմանում — ուրխությունի՞ց, որ մայրը երեխա էր բերել
segment_168.wav|թե՞ սարսափած այն բանից, ինչ որ անում էր մայրը իր նորածին մանկանը
segment_169.wav|Զինագործ Ասատուրը, հնամաշ արխալուղով, կաշե գոտկով, արբեցողությունից ուռած կարմրած դեմքով մոտ քառասուն տարեկան մի մարդ, որ ամբողջ թաղում և բազարում հայտնի էր Հոպոպ մականունով, երեկոյան իր հավաբնի չափ փոքրիկ խանութը փակելուց հետո տուն էր գնում:
segment_170.wav|Մի ձեռքին բռնած էր կես-թունգանոց մի գավ, որի պատերը տարիների ընթացքում սևացել էին կարմիր գինուց, մյուս ձեռքին կարմիր աղլուխի մի կապոց, որի մեջ կար մի քիչ «դոշ» (ձուկ), մի քիչ կանաչի, մի կապոց կարմիր բողկ և երկու սպիտակ «շոթի» (վրացական երկայն ու նեղ հաց), որոնց սուր ծայրերը երկար ականջների պես դուրս էին ցցված աղլուխի կապի արանքներից:
segment_171.wav|Արևը նոր էր մայր մտել, ամառային անտանելի տոթ եղանակը փոքր-ինչ կոտրվել էր, բայց և այնպես անշարժ օդը հագեցած էր արևից կիզված փոշու ծանր հոտով:
segment_172.wav|Թաղի կանայք երկարատև օրվա չարքաշ աշխատանքից հետո խումբ-խումբ նստոտած էին իրենց դռների առջև մերկ ոտներով մերկ գետնին, գլխների փաթաթանների կապն արձակած կիսաբաց կրծքներին և զբաղված էին իրենց սովորական խոսք ու զրույցով, որոնք բամբասանքներից դենը չէին անցնում:
segment_173.wav|Բոկոտն, գլխաբաց, կեղտոտ երեխաները ճանճերի պես իրար խառնված վազվզում էին փողոցներում ականջ խլացնելու չափ ճիչ ու
segment_174.wav|Հո՛պոպ, Հո՛պոպ, հանկարծ կանչեց երեխաներից մեկը:
segment_175.wav|Հոպոպն ամենևին ուշադրություն չդարձրեց այդ կանչին, որը, ինչպես երևում էր, մի՝ շատ սովորական բան էր դարձել նրա համար, և անտարբեր շարունակում էր իր ճանապարհը:
segment_176.wav|Քրտինքը ծորում էր նրա գդակի տակից ականջների հետևով և պուտ-պուտ կաթում խունացած ուսերին:
segment_177.wav|Հո՛պոպ Հո՛պոպ ծկլթաց երկրորդը, երրորդը, չորրորդը և վերջին այդ հատուկենտ ծկլթոցները միախառնվեցին և դարձան ընդհանուր մի աղաղակ այնքան սուր ու համառ, որ ամենաբթացած ջղերն անգամ կարող էին գրգռվել:
segment_178.wav|Հոպոպը երկար չկարողացավ համբերել, առանց ետ նայելու և շարունակելով ճանապարհը, սկսեց սարսափելի հայհոյանքներ թափել հետևից աղաղակող երեխաների հասցեին:
segment_179.wav|Երեխաները, ըստ երևույթին, այդ բանին էին սպասում, և նրանց աղաղակը դարձավ ավելի միահամուռ, ավելի սուր ու համառ, համեմված երեխայական անհոգ քրքիջով և մեծերից լսած փոխադարձ հայհոյանքով:
segment_180.wav|Նրանցից մի քանիսը սկսեցին նույնիսկ քարեր շպրտել Հոպոպի հետևից:
segment_181.wav|Սակայն Հոպոպը գնում էր իր համար, առանց նույնիսկ մտածելու, որ պաշտպանվի, թեև տեսնում էր, թե ինչպես քարերը հետևից գալով թռչում էին իրեն այս ու այն կողմից և գետնին ընկնելով փոշի էին բարձրացնում:
segment_182.wav|Նա միայն շարունակում էր իր հատընտիր հայհոյանքները:
segment_183.wav|Ըստ երևույթին, այդպես էլ կշարունակեր ճանապարհը մինչև տուն, եթե քարերից մեկը չդիպչեր նրա ոտին:
segment_184.wav|Երևի ոտը խիստ ցավեց, որովհետև հանկարծ կանգ առավ, մի ակնթարթում գինու գավն ու աղլուխի կապոցը դրեց գետնին, մի մեծ քար վերցրեց և արյունով լցված աչքերով պատրաստվեց շպրտելու երեխաների վրա:
segment_185.wav|Բայց մինչ այդ երեխաները ծկլթացին, շուռ եկան ու ցանուցիր եղան շեղակի նեղ փողոցներում: 
segment_186.wav|Վա՜յ ես ձեր
segment_187.wav|Թե մի կկանգնեիք, թե մի կկանգնեիք Քարով եք ուզում կռվի՞, դե կռվենք, էլի, ո՞ւր եք փախչում, ձեր
segment_188.wav|Փիե ՜, անց կենալ չի ըլում, էլի. վրա են թափվում, կասես գեղի շներ ըլեն:
segment_189.wav|Տո , ասա ես ձեզ բան եմ անո՞ւմ. թողեք, է՜լի, գնամ ինձ համար վեր ընկնեմ իմ տանը, ես ձեր
segment_190.wav|Նա քարը վայր գցեց, ցուցամատով սրբեց ճակատի վրա տված քրտինքը, մատը թափ տվեց, կռացավ և, շարունակելով հայհոյանքները, սկսեց ձեռքով տրորել ոտի այն տեղը, ուր դիպել էր քարը:
segment_191.wav|Հը , ուստա Ասատուր, էդ ի՞նչ ես ըտենց տաքացել,
segment_192.wav|ասաց այդ րոպեին նրա մոտով անցնող մի ծանոթ մարդ առանց կանգ առնելու:
segment_193.wav|Հոպոպը նայեց նրան, գավն ու կապոցը վերցրեց գետնից և, շարունակելով ճանապարհը նրա հետևից, սկսեց գանգատվել:
segment_194.wav|Տո, ըսենց էլ բան կըլի՞, մի հետ չըլավ, որ էդ շան լակոտները թողան արխային գնամ իմ ճամփով:
segment_195.wav|Հոպոպ հա, Հոպոպ: Տո, Հոպոպը: Հոպոպը ձեր թայն ա՞:
segment_196.wav|Էհ, երեխեք են, է՛լի, ուստա Ասատուր, ի՞նչ ես անգաջ դնում, ասաց ծանոթը շտապ քայլելով նրա առջևից:
segment_197.wav|Տո, ո՞վ ա անգաջ դնում, ես դրանց: Տեսնում են թե չէ, ոնց որ գեղի շները վրա տան: Քարեր էլ են գցում, քարեր:
segment_198.wav|Բայց ծանոթն այլևս չէր լսում նրան, նա ծռվեց մյուս փողոցը և անցավ գնաց:
segment_199.wav|Իսկ Հոպոպը, բարձրաձայն շարունակելով հայհոյանքներով համեմված իր բանակռիվը բացակա երեխաների հետ, մտավ իրենց փողոցը:
segment_200.wav|Դռներին նստոտած կանանց խմբերի մոտով անցնելիս մի ջահել կին կանչեց նրա հետևից.
segment_201.wav|Հո՛պոպ: Ու իսկույն ծիծաղելով դեմքը ծածկեց մոտը նստած ընկերուհու մեջքի հետևը:
segment_202.wav|Մյուս կանայք ուրախ հռհռացին, բացի մի պառավ կնոջից, որը մեղմորեն հանդիմանեց բացականչողին:
segment_203.wav|Հոպոպը ետ չնայեց, բայց, իհարկե, առանց հարմարավոր հայհոյանքի չթողեց իր հետևից կանչող կնոջը և անցավ գնաց:
segment_204.wav|Այդ հայհոյանքն այնքան անհամեստ էր, որ պառավը նկատեց կանչողին.
segment_205.wav|Հը՛, էդ էիր ուզո՞ւմ
segment_206.wav|Իսկ մյուս կանայք, մանավանդ կանչողը, ամոթից ծածկեցին բերանները և, իրար կողք բզելով, աշխատում էին զսպել ավելի սաստկացող հռհռոցը:
segment_207.wav|Այնուհետև մինչև տուն հասնելը Հոպոպի միևնույն հայհոյանքը զանազան վարիանտներով ուղղված էր միայն իր հետևից կանչող կնոջ հասցեին:
segment_208.wav|Ամբողջ թաղը Հոպոպ մականունով էր կնքել զինագործ Ասատուրին, ժողովրդական այն առածի հիման վրա, որ ասում է, թե «Հոպոպը ինքը հոտած էր, կարծում էր, թե բույնն է հոտած»:
segment_209.wav|Եվ իսկապես, շատ հոտած, այսինքն կռվարար մարդ էր զինագործ Ասատուրը:
segment_210.wav|Պատճառը թերևս իրենք թաղեցիներն էին, որովհետև, ինչպես ինքն էլ շարունակ գանգատվում էր, ոչ մի օր չէին թողնում, որ մարդը հանգիստ տուն գա:
segment_211.wav|Հոպոպին կատաղեցնելը մի կատարյալ զվարճություն էր նրանց համար:
segment_212.wav|Նույնիսկ այն ժամանակ, երբ նա տանը նստած, սուփրեն առաջին, գինու գավը կողքին, թուրքերեն բայաթի էր երգում իր ճաթած ձայնով, թաղի կանայք, որոնց մի առանձին հաճույք էին պատճառում նրա անզուգական հայհոյանքները, դրդում էին մի որևէ չարաճճի երեխայի, որ գնա չարացնի Հոպոպին:
segment_213.wav|Երեխան իսկույն վազ էր տալիս, գլուխը զգուշորեն ներս կոխում դռնից, կանչում «Հո՛պոպ» ու ծլկում արագավազ նապաստակի 
segment_214.wav|Եվ այդ մի հատիկ բառը բավական էր լինում, որ Հոպոպի քեֆը հարամ լիներ
segment_215.wav|նա իսկույն ընդհատում էր բայաթին, դուրս գալիս դուռը և ամբողջ թաղը հավաքում գլխին:
segment_216.wav|Ոչ ոքի՝ հետ չէր հաշտվում Հոպոպը:
segment_217.wav|Բազարում թե թաղում ոչ մի հարևան չուներ, որի հետ կռված և մի լավ էլ ծեծ կերած չլիներ:
segment_218.wav|Կնոջ հետ խո ամեն օր տուրուդմբոցի մեջ էր. ինքը կնոջն էր ծեծում, կինը նրան,
segment_219.wav|թակում էին իրար այնքան ժամանակ, մինչև որ կամ հոգնում էին, կամ հարևանները միջամտում, բաժանում նրանց իրարից:
segment_220.wav|Ոչ ոքից չէր վախենում, բացի ոստիկանությունից, որ շատ անգամ կոխել էր նրան մեծ-մեծ մկներով լի մութ նկուղը և մի քանի անգամ էլ նույնիսկ պրիստավը իր սեփական ձեռքով արյունլվիկ էր արել նրա քիթն ու պռունկը:
segment_221.wav|Հոպոպն արբեցող էր, ճիշտ է, բայց միայն գինի էր խմում, այն էլ միայն կարմիր և լավ գինի
segment_222.wav|արաղ չէր սիրում և խմելուց հետո էլ դեմքին այնպիսի արտահայտություն էր տալիս, որ թվում էր, թե պիտի
segment_223.wav|Կերակուրների մեջ էլ խիստ խտրություն էր դնում, ջրալի կերակուրներ չէր սիրում, պասվա կերակուրներն ատելով ատում էր, մանավանդ լոբին
segment_224.wav|նրա սովորական ուտելիքն էր յուղալի դոշը, խավիարը, խորովածը, թարմ կանաչին, կարմիր բողկը և սպիտակ հացը:
segment_225.wav|Իսկ այդ համեմատաբար թանկ ուտելիքները գնելու համար փող միշտ ուներ, որովհետև իր արհեստի մեջ լավ վարպետ էր և այնքան ճարպիկ, որ կարողանում էր մի որևէ գրոշանոց ժանգոտ թուր, խանչալ կամ հրացան հարյուր տարվա հնության տեղ ծախել եվրոպացի տուրիստների վրա շատ լավ գներով:
segment_226.wav|Գինու գավը, որ տեսանք նրա ձեռքին, բանեցնում էր տասնհինգ տարուց ավելի, առավոտները դատարկ հետը տանում էր խանութը, երեկոները լիքը տուն բերում: Այնքան էր սիրում, որ շաբաթ գիշերները, դատարկելուց հետո, մոմ էր վառում վրեն.
segment_227.wav|«Բարաքես սրա մեջն ա, ասում էր ինչ էս գավով գինի եմ խմում, բանս լավ ա գնում»:
segment_228.wav|Մի անգամ նրա մեծ տղան, վեց տարեկան, ոտով դիպավ գավին, գավը գլորեց և քիչ էր մնում թախտից ընկներ կոտրվեր:
segment_229.wav|Հոպոպը վրա ընկավ երեխին և սկսեց ծեծել, ծեծել նրան այնքան սաստիկ, որ կսպաներ, եթե կինը չխլեր որդուն կատաղած հոր
segment_230.wav|Բարեբախտաբար, գավն արդեն դատարկված էր, թե չէ, ծեծից նրան էլ բաժին
segment_231.wav|Կինը տանը չէր, որ Հոպոպը տուն
segment_232.wav|Դուրսը պատի տակ տղան տուն էր շինում տաշեղներից:
segment_233.wav|Բացի կարճ, կեղտոտ շապկից, ուրիշ բան չկար նրա
segment_234.wav|Ո՞ւր, ա մերդ, հարցրեց հայրը:
segment_235.wav|Տղան վեր կացավ, աչքերը տնկեց հոր ձեռքի աղլուխին և պատասխանեց: Բագրատանց տուն գնաց:
segment_237.wav|Էլի՞ վայ ես նրա հայհոյեց նա, շտապով ներս մտավ, գավն ու աղլուխի կապոցը դրեց թախտի վրա և նորից դարձավ
segment_238.wav|Գնա էս սըհաթիս կանչի: Դե, հը՛:
segment_239.wav|Տղան, որ հոր հետևից ներս էր մտել և աչքը չէր հեռացնում աղլուխից, հանկարծ շուռ եկավ ու դուրս
segment_240.wav|Բագրատանց տո՛ւն Լա՛վ, շա՜տ լավ
segment_241.wav|սկսեց բարձրաձայն խոսել ինքնիրեն Հոպոպը, Դե հըմի կգաս, կտեսնանք, էլի
segment_242.wav|ես քեզ Բագրատանց տուն շանց կտամ Հա՛յ գիդի, հա՛, Ասատուրը մեռել ա, է՛լի, էլ չկա, էլ գետնի երեսին ման չի գալի, է՛լի, որ նրա կնկա հետ ուրիշներն են սիլի-բիլի անում Հոպոպ որ դառանք, նամուս էլ կորցրի՞նք… Ա՛յ, գետինը չմտնի էս գդակը:
segment_243.wav|Եվ նա գդակը պոկելով գլխից ուժգին թափով խփեց գետնին:
segment_244.wav|Հետո շարունակելով հայհոյանքներով համեմված սպառնալիքները կնոջ հասցեին, գոտիկը ետ արեց, հանեց արխալուղը, ոտնամանները, հոտած գուլպաները, շալվարը և դռան շեմքին կանգնելով, սկսեց չթի կարճ շապկի փեշով հով անել քրտինքից ջուր կտրած երեսին ու փորին:
segment_245.wav|Անհամբեր սպասում էր կնոջը
segment_246.wav|բայց մինչև որ կինը կգար, ջգրած սրտով մոտեցավ գավին, գլխին քաշեց, ծծեց ագահորեն և, ծարավը հագեցնելուց հետո, գավը տեղը դրեց:
segment_247.wav|Հետո, առանց աղլուխի կապոցը բանալու, կտրեց շոթիներից մեկի սուր ու չոր ծայրը, բերանը գցեց և սկսեց ծամել:
segment_248.wav|Մոր հետևից գնացած երեխան ներս ընկավ գնդակի նման:
segment_249.wav|Ասեց գալիս եմ, ասաց նա և այս անգամ աչքերը տնկեց հոր բերանին:
segment_251.wav|մռնչաց Հոպոպը, հացը ծամելով, և ձեռքը նորից տարավ դեպի գավը:
segment_252.wav|Այսպիսով գավը մի քանի անգամ մոտեցրել էր նա շրթունքին և պպզել թախտին, երբ վերջապես դռան շեմքին երևաց կինը
segment_253.wav|բավական սիրունատես ու գիրուկ, մաշված դեղին չուստերը մերկ ոտներին և ծծի մանուկը գրկին:
segment_254.wav|Ըհը, էս էլ եկա, ի՞նչ ես ուզում
segment_255.wav|ասաց նա համարձակորեն, ըստ երևույթին շատ լավ իմանալով, որ կրկնվելու է ամենօրյա տեսարաններից
segment_256.wav|Ինչ եմ ուզո՞ւմ, ասաց Հոպոպը, որ հենց նոր գավը նորից գլուխն է քաշել
segment_257.wav|գավը դրեց թախտի վրա, շապկի թևով սրբեց շրթունքը, մոտեցավ բռնեց կնոջ ձեռքից, ներս քաշեց և սպառնական դիրք բռնեց նրա առջև:
segment_258.wav|Ո՞րտեղ իր:
segment_259.wav|Բագրատանց տանը, նույն համարձակությամբ պատասխանեց կինը:
segment_260.wav|Ի՞նչ իր շինում ընտեղ:
segment_261.wav|Ի՞նչ պտի շինեի: Լվացք ունեն անելու, կանչել ին, որ էգուց գնամ լվանամ:
segment_262.wav|Լվա՞ցք լվա՞ցք Տո՛, ես քու անտեր-մունդռի՞կ ես մնացել, քաղցած-տկլո՞ր ես մնացել, որ ուրիշների հմար լվացք ես անում: Հաա՞: Բա ես չկա՞մ, բա իմ գլուխը շներն ու գելերն են կերե՞լ: Հաա՛: Տո՛, իմ կնիկն ընչի՞ պտի ուրիշի լվացքն անի, հը՞: Տո՛, Բագրատն ո՞ւմ շունն ա, որ իմ կնիկը գնա նրա հմար լվացք անի, հը՛:
segment_263.wav|Տո՛, Բագրատի պես հարուրին կառնեմ -կծախեմ, ու իմ կնիկը պտի գնա նրա հմար լվացք անի՞:
segment_264.wav|Ի՞նչ անենք, թե գդակին կակարդ ունի ցցած, ես նրա
segment_265.wav|Տո՛, ի՞նչ լվացք, ի՞նչ դես, ի՞նչ դեն, ո՞ւմ ես ուզում խաբի, հազիր ասես Դեսն արի հլա, դեսը
segment_266.wav|Հոպոպը քարշ տվավ նրան դեպի ավելի ներս, ձայնը ցածրացրեց, գլուխն առաջ տարավ և ֆշշաց սեղմած ատամների միջից
segment_267.wav|հազիր ասես գնացել իր նրա հետ շնութին անելու Հը՞, սուտ ա  էլի կասե՞ս սուտ ա
segment_268.wav|Կինը ձեռքը խլեց նրա ձեռքի միջից և չանչեց նրան:
segment_269.wav|Ի, հողեմ գիժ գլուխդ
segment_270.wav|ասաց նա արհամարհանքով և դարձավ, որ դուրս գնա: Բայց մարդը շանթեց նրա թևից և թույլ չտվավ, որ տեղից
segment_271.wav|Կա՝ց, գոռաց նա, ու՞ր ես գնում
segment_272.wav|որ գնում ես: Հենց գիտաս ձեռիցս կպրծնե՞ս:
segment_273.wav|Գիժը հըմի կտեսնաս, թե ոնց գիժ եմ: 
segment_274.wav|Ընչկլի հոգիդ չհանեմ, կթողա՞մ: Բա ես մեռե՞լ եմ, որ էն շուն շան որդու հետ ես շնութին անո՞ւմ: Հը՛, մեռել ե՞մ մեռել ե՞մ մեռել ե՞մ
segment_275.wav|Եվ ամեն մի «մեռել եմ» խոսքի հետ բռունցքի մի ծանր հարված էր իջնում կնոջ մարմնին, ո՛ւր որ պատահեր գլխին, ուսին, մեջքին Կինը մի ձեռքով մանուկը գրկած գլուխը կախել էր, որ հարվածները երեսին չդիպչեն, մյուս ձեռքով աշխատում էր բռնել մարդու ձեռքը, և եթե երբեմն աջողվում էր այդ, Հոպոպն ավելի էր կատաղում և հետագա հարվածներն ավելի անխնա էին լինում
segment_276.wav|Տո՛, գիժ Հոպոպ, ի՞նչ ես ուզում ինձնից,
segment_277.wav|կանչում էր կինը լաց լինելով
segment_278.wav|Ծծի մանուկը ծվում էր նրա խտտին, իսկ մյուս երեխան մի կողմ քաշված դիտում էր այդ շատ սովորական տեսարանը լուռ ու անտարբեր:
segment_279.wav|Ես քեզ հլա փե՛տով պտի ծեծեմ, փե՛տով
segment_280.wav|ասաց Հոպոպը շնչասպառ և, թողնելով կնոջը, սկսեց խենթի պես դես-դեն ընկնել սենյակում, որ փայտ գտնի
segment_281.wav|Փայտ չգտնելով, նրա աչքովն ընկան իր ոտնամանները:
segment_282.wav|Ու վեր թռցրեց այդ ոտնամաններից մեկը, որի կրնկին հաստ նալ էր խփած գոգավոր մեխերով:
segment_283.wav|Մինչ այդ՝ կինը ծծի մանուկը դրեց թախտի վրա, շտկեց իրեն և վերցրեց գինու գավը:
segment_284.wav|Աբա՜ խփի, աբա՜ խփի, տե՜ս էս գավի գլուխը ո՜րտեղ եմ ուտում, կանչեց նա անվախ և սպառնագին:
segment_285.wav|Վա՛յ ես քու բղավեց Հոպոպը և, ոտնամանը ձգելով ձեռքից, վրա վազեց, որ գավը խլի:
segment_286.wav|Բայց կինը ժամանակ չտվավ նրան, որ իրեն հասնի, ոտները հանեց չուստերից և դուրս փախավ գավը ձեռին:
segment_287.wav|Մարդն ընկավ նրա հետևից: Ու փողոցում, ուր թաղի կանայք և երեխաներն արդեն հավաքվել էին նրանց աղմուկի վրա սովորական տեսարանը դիտելու, մարդ ու կին վազում էին կինը առջևից գավը ձեռին, մարդը հետևից գլխաբաց, ոտաբոբիկ և ներքնաշորով:
segment_288.wav|Փողոցում մի անասելի ժխոր էր բարձրացել, կանայք հռհռում էին, երեխաները սուր ծկլթոցներով «Հոպոպ» էին աղաղակում և սուլում, իսկ թաղի մանրավաճառի խանութի առջև հասուն տղերքը ծիծաղելով բղավում էին. «Հասի, հա՛, Հոպոպ, հասի, հա՛»:
segment_289.wav|Այդ սարսափելի ժխորի մեջ Հոպոպը վազում էր հա՛ վազում կնոջ հետևից, կարճ շապկի փեշը փռփռացնելով օդի մեջ և աչքը տնկած կնոջ ձեռքի գավին, որի մեջ գինին լըխկ լըխկում էր և թափվում բերանից:
segment_290.wav|Քանի գնում, այնքան փոքրանում էր տարածությունը մարդ ու կնոջ միջև, որովհետև գավը խանգարում էր կնոջն ավելի արագ վազելու
segment_291.wav|Վերջապես, մի քանի քայլ էր մնում, որ մարդը հասներ կնոջը, երբ հանկարծ կինը, առանց կանգ առնելու, ձեռքը բարձրացրեց և գավը ուժգին թափով գետնովը տվեց:
segment_292.wav|Գավը բխկաց և ալ վարդի պես բացվեց: 
segment_293.wav|Տակի հաստ մասը քրեղանի պես մնաց ընկած տեղը
segment_294.wav|իսկ բարակ պատերի թաց փշուրները թռան այս ու այն կողմ
segment_295.wav|կարմիր գինին ներկեց գետինը լերդացած արյան սև գույնով և իսկույն ծծվեց արևակեզ գետնի մեջ:
segment_296.wav|Հոպոպը ցնցվեց և կանգ առավ հանկարծ:
segment_297.wav|Նրան թվաց, թե իրեն տվին գետնովը:
segment_298.wav|Աչքերը մթնեցին: 
segment_299.wav|Էլ չիմանալով, թե ինչ է անում, արագորեն կռացավ, մի մեծ քար թռցրեց գետնից և ծայրահեղ կատաղի թափով շպրտեց փախչող կնոջ հետևից:
segment_300.wav|Քարը շեշտակի գնաց դիպավ կնոջ մեջքին:
segment_301.wav|Կինը սաստիկ ճչաց, իներցիայով առաջ վազեց մի քանի քայլ էլ և փռվեց գետնին երեսի վրա:
segment_302.wav|Հռհռացող փողոցը հանկարծ լռեց և քարացավ:
segment_303.wav|Այո՛, օրիորդնե՛ր և պարոննե՛ր, ապահարզանի խնդիրն այսօր մեզանում մի նոր, կենսական խնդիր է ներկայացնում
segment_304.wav|որ մենք նոր պիտի լուծենք, այնինչ լուսավոր Եվրոպայում դա վաղուց արդեն յուր լուծումն ստացած վերջացած է և նույնիսկ, այո՛, անախրոնիզմ է դար
segment_305.wav|Եվրոպան, որ ամեն հնության, անշարժության և մոլորության թշնամի է եղել և միևնույն ժամանակ ստեղծող բոլոր վեհ և առաջադեմ գաղափարների, առաջինն էր, որ հասկացավ, թե պետք է, վերջապես, մարդկային կյանքից բառնալ կրոնի բռնության լուծը և դրա ավերակների վրա պարզել խղճի և մտքի ազատության դրոշակ
segment_306.wav|Իրավ, օրիորդնե՜ր և պարոններ
segment_307.wav|սոսկալի է, երբ մտածում ես, թե ի՜նչ զարհուրելի բռնություն է գործ դնում կրոնը մարդու խղճի և մտքի ազատության վրա։
segment_308.wav|Տխուր մտածմունքներն և դառն իրականությունն ինձ թելադրում են ասելու, որ մենք՝ տասնիններորդ դարու զավակներս, դեռևս շատ հեռու չենք գնացել հին և միջին դարերից, երբ մարդկանց վրա տիրապետող տարրը՝ բառիս բուն նշանակությամբ՝ կրոնն էր կազմում, և ամեն ինչ կրոնի անունով
segment_309.wav|Մարդկային քաղաքացիական, բարոյական և սոցիալական կյանքի պայմաններն ու երևույթները ենթարկվում էին կրոնական խիստ կոնտրոլի, որն անխուսափելի էր և որից մի մազի չափ շեղվելու համար անգամ մարդիկ իրենց կյանքն էին հատուցանում։
segment_310.wav|Արդ, ինքներդ խոստովանեցեք, օրիորդնե՜ր և պարոննե՜ր, արդյոք մենք ևս նույն դրության մեջ չե՞նք այժմ, մենք, որ ապրում ենք նոր, լուսավորյալ կոչված դարում
segment_311.wav|արդյոք մեզանից յուրաքանչյուրն յուր խղճի և մտքի ազատության վրա չի՞ զգում կրոնի բռնության անտանելի լուծը
segment_312.wav|ինչպես այդ զգում էր հին և միջին դարերում յուրաքանչյուր մարդ
segment_313.wav|Օրիորդնե՛ր և պարոննե՜ր, բավական է, որքան իբրև կրոնական ազգ ապրեցինք,
segment_314.wav|ապրենք այժմ էլ իբրև քաղաքական ազգ
segment_315.wav|ամաչենք, վերջապես, լուսավոր Եվրոպայից
segment_316.wav|մենք ամեն բան ընդունել ենք նրանից, բայց որն ամենակենսականը և ամենաանհրաժեշտն է մեր խղճի և մտքի ազատության համար
segment_317.wav|դրանից խուսափում ենք, կարծես վախենում ենք դրանից
segment_318.wav|Դատապարտելի է միանգամայն այն ազգը, որ դիտմամբ իրեն կրոնի տրամադրության տակ է դնում։
segment_319.wav|Ո՞ր ազգն է կրոնով առաջացել, որ մենք առաջանանք.ո՜չ մի ազգ։
segment_320.wav|Կրոնը մարդկանց համար է ստեղծված և ոչ թե մարդիկ կրոնի համար։
segment_321.wav|Ես վերջացնում եմ իմ խոսքս, օրիորդնե՜ր և պարոննե՜ր
segment_322.wav|և հարցնում եմ. որ երանելի չի՞ լինի արդյոք այն մարդը մեզանում, որ առաջին անգամ քաջություն կունենա բառնալու կրոնի բռնությունն ամուսնական հարցում
segment_323.wav|որովհետև, կրկնում եմ, մեր բոլոր կենսական խնդիրների շարքում այսօր ամուսնական խնդիրն է, որ գայթակղության քար է դարձել և որը պահանջում է յուր շուտափույթ լուծումը
segment_324.wav|Մասխարյանցը վերջացրեց յուր ոգևորված ճառը։ Փոքրիկ սենյակում հավաքված առաջադեմ գաղափարներով տոգորված, թարմ մտքերի սիրահար օրիորդներն ու պարոնները հիացած ծափահարեցին ճառախոսին, որ կես ժամի չափ շարունակ խոսում էր և խոսում էր ինչպիսի՜ ոգևորությամբ, ինչպիսի՜ ճարտասանությամբ։
segment_325.wav|Բրա՜վո կեցցե՜ս լա՜վ խոսեց,ծափահարության միջից լսվում էին բացականչություններ։
segment_326.wav|Մասխարյանցն առնվազն էլի մի երկու, երեք րոպե շարունակ գլուխ էր տալիս սրան ու նրան և միանգամայն չէր իմանում, թե ինչպես արտահայտե յուր շնորհակալությունը։
segment_327.wav|Վերջապես ծափահարություններն ու բացականչությունները դադարեցին, և որովհետև արդեն գիշերվա ժամը տասներկուսն էր, այդ պատճառով ամենքն էլ վեր կացան, սեղմեցին տան տիրոջ ձեռքը, դուրս եկան, հագան իրենց վերարկուները, գլխարկները և քաշվեցին իրենց տները։
segment_328.wav|Մասխարյանցը վերարկուի բոլոր կոճակները գցեց, ձեռնոցները հագավ և շտապ քայլերով հեռա
segment_329.wav|Ճանապարհին նրա միտքն ամբողջապես զբաղված էր յուր խոսած ճառով, այն ազդեցությամբ, որ գործել էր այդ ճառն ունկնդիրների վրա և հիացման այն ծափահարությամբ ու բացականչություններով, որոնցով վարձատրեցին նրան յուր նոր գաղափարները, վարդապետելու համար։
segment_330.wav|Նա երջանիկ էր համարում իրեն, որ թեև հասարակության «մասսան», ժողովրդի մեծ «կոնտինգենտն» անտարբեր է յուր քարոզած նոր գաղափարներին, որովհետև տակավին անընդունակ է դրանց հասկանալու, բայց կան արդեն, թեև փոքր թվով, լուսամիտ, դեպի քաղաքակրթությանը ձգտող օրիորդներ և երիտասարդներ թարմ ուժեր, որոնք ի սրտե համակրում, ոգևորվում և հետևում են իրեն։
segment_331.wav|Նա մտադիր էր յուր՝ բերանացի քարոզած նոր գաղափարները քարոզել և՛ գրավոր կերպով վիպական կամ պուբլիցիստական գրվածքի ձևով,
segment_332.wav|թեև նա համոզված էր, որ «հետադեմների», «խավարամիտների» և «րուտինականների» սագերն իսկույն սոսկալի աղմուկ պիտի բարձրացնեին և ինքն ամեն կողմից զարհուրելի հալածանքի պիտի ենթարկ
segment_333.wav|Սակայն այդ նրան բոլորովին երկյուղ չէր պատճառում. ընդհակառակն, այն գիտակցությունը, որ նա պիտի «զոհվեր» յուր սրբազան կոչումին, նրան ավելի եռանդ, ավելի ուժ էր ներշնչում յուր ընտրած փշյա ճանապարհովն առաջ ընթանալու, որովհետև պատմությունը նրան շատ օրինակներ էր տալիս, որ բոլոր դարերի և բոլոր ազգերի մեջ առհասարակ նոր մտքի, նոր գաղափարի «ինիցիատորը» միշտ հալածանքի է ենթարկվել, նույնիսկ մահվան
segment_334.wav|օրինակ՝ Գալիլեյը, Հուսը, Լութերը և այլն, և այլն։
segment_335.wav|Այլապես անկարելի է. քանի որ հասարակությունը, որի մեջ բնականաբար խոր արմատներ են ունենում հին սովորությունները, մի անգամից անընդունակ է նոր գաղափարները հասկանալու, ըմբռնելու, ուրեմն և դրանց յուրացնելու
segment_336.wav|ուստի նա միշտ ընդդիմանում և չարաչար պատերազմ է մղում նոր գաղափարների դեմ, որոնք նրա անսովոր աչքերին ու մտքին հրեշավոր, այլանդակ բաներ են
segment_337.wav|Մասխարյանցը շատ լավ գիտեր, որ այդ հոգեբանական մի ճշմարտություն էր, որ անթիվ անգամ ապացուցված էր մարդկային առաջադիմության պատմության ամբողջ ընթաց
segment_338.wav|Ուրեմն թող անշարժ, փտած, նեխած հասարակությունն ի՛նչ հալածանքի ուզում է ենթարկե իրեն, թո՛ղ ճշմարտության և լույսի համար նահատակվածների թվում մեկն էլ ինքը լինի
segment_339.wav|Մասխարյանցն այդ ուրախությամբ կտանե և կտանե այն քաղցր, այն երջանիկ հուսով, որ, վերջապես, կգա ժամանակ, երբ ապագա սերունդը կհասկանա նրան, կդատապարտե յուր նախորդների հրեշավոր արարքն և ինչո՞ւ չէ յուր մինչև այն ժամանակ անխնամ թողած շիրիմի վրա փառքի արձան կկանգնե
segment_340.wav|Մասխարյանցն այն աստիճան հափշտակված էր այդ մտքերով, որ բոլորովին չիմացավ, թե ինչպես անցավ ճանապարհը և հասավ հյուրանոց, ուր ամեն գիշեր սովորություն ուներ գնալու։
segment_341.wav|Նա բարձրացավ սանդուղքով, անցավ երկար միջանցքով և բաց անելով սենյակներից մինի դուռը , որը փակ չէր, ներս 
segment_342.wav|Սենյակում, սեղանի վրա լամպարը վառ
segment_343.wav|Մահճակալի վրա շորերը հագին, ձեռքերը գլխի տակ դրած, գանգուր, շեկ մազերով երեսն ի վեր պառկած էր մի գեղեցիկ, նորատի կին։
segment_345.wav|Մասխարյանցը դուռը կամաց գոցեց, ոտների մատների վրա զգուշությամբ մոտեցավ նրան և խոնարհվելով համբուրեց նրա շրթունքները։
segment_346.wav|Կինը հանկարծ արթնացավ և վեր թռավ տեղ
segment_347.wav|Մասխարյանցը ծիծաղեց։
segment_348.wav|Գրի՜շա,կանչեց կինը։
segment_349.wav|Մա՜շա,կատակով պատասխանեց նրան Մասխարյանցը։
segment_350.wav|Կարծեցի թե ուրիշն է, վախեցա։
segment_351.wav|Ինչո՞ւ անպատճառ ուրիշն և ոչ ես։
segment_352.wav|Որովհետև դու այնքան ուշացար, որ կարծեցի, թե այս գիշեր այլևս չես գալ ինձ մոտ։
segment_353.wav|Սպասելով քունս տարել էր։
segment_354.wav|Ինչո՞ւ, ուրիշ ժամանակ էլ այսպես ուշ չե՞մ եկել քեզ մոտ։
segment_355.wav|Եկել ես, բայց նու, ինձ թվում էր, թե այս գիշեր այլևս չես գալ։
segment_356.wav|Որտե՞ղ էիր։ 
segment_357.wav|Մի տեղ ժողով կար, այնտեղ էի
segment_358.wav|Միշտ ժողով և ժողով
segment_359.wav|շա՜տ թունդ ազգասերն ես։
segment_360.wav|Գայաստա՜ն, Գայաստա՜ն հա՞
segment_361.wav|Եվ Մաշան մի տեսակ լիրբ, ծաղրական ժպիտով նայեցավ Մասխարյանցին։
segment_362.wav|Է՛հ, Մաշա, մի՞թե դու էլ ինձ այն հիմարների հետ ես համեմատ
segment_363.wav|պատասխանեց Մասխարյանցը լուրջ, բայց թեթև հանդիմանությամբ։
segment_364.wav|Դե՛հ, դե՛հ, ինձանից մի՛ ամաչիր
segment_367.wav|յուր սուր ձայնով բարձրաձայն ծիծաղեցավ Մաշան և Մասխարյանցի գեղեցիկ գլուխն առնելով յուր երկու ձեռքերի մեջ, մի քանի անգամ սաստիկ ամուր համբուրեց նրան։
segment_368.wav|Մասխարյանցը, որ արդեն հանել էր ձեռնոցներն ու վերարկուն, նստեց աթոռի վրա։ 
segment_369.wav|Դե՛, Մաշա, ի՞նչ ենք անում
segment_370.wav|ասաց նա
segment_371.wav|ես սաստիկ քաղցած եմ։ 
segment_372.wav|Զանգահարե՞մ։
segment_373.wav|Զանգահարիր։
segment_374.wav|Մաշան մի քայլ արեց դեպի զանգակը, բայց հանկարծ կանգ առավ և շուռ եկավ դեպի Մասխարյանցը։
segment_375.wav|Գրի՛շա,ասաց նա լրջությամբ
segment_376.wav|ձեռաց ինձ մի տասը ռուբլի փող պետք է տաս։ 
segment_377.wav|Ի՞նչ ես անում։ 
segment_378.wav|Ձմեռվա նոր ձևի գլխարկ է եկել, պետք է առնեմ, իմ գլխարկից այլևս ոչ ոք չէ ծածկում:
segment_379.wav|Լավ, կտամ։
segment_380.wav|Շուտ զանգահարիր, ես դեռ քաղցած
segment_381.wav|Մաշան կանգնած տեղը թռավ ուրախությոմտից, վազեց դեպի զանգակը, բայց հանկարծ կանգ առնելով, արագությամբ շուռ եկավ, մի օդային համբույր տվավ Մասխարյանցին և նորից վազեց դեպի զան
segment_382.wav|Նա ամուր սեղմեց էլեկտրական զանգակի զսպանակը։  	Սպասավորը ներս 
segment_383.wav|Ես պատվիրե՞մ, թե՞ դու,դիմեց Մաշան Մասխարյանցին։
segment_384.wav|Պատվիրիր, ինչ ուզում ես, միայն թե շուտ լինի։
segment_385.wav|Մաշան սպասավորին մի փառավոր ընթրիք պատվիրեց։
segment_386.wav|Սպասավորը դուրս գնաց։
segment_387.wav|Կես ժամից հետո Մասխարյանցն ու Մաշան սեղանի առաջ նստած ընթրում էին:
segment_388.wav|Սեղանի վրա փայլում էր մի շիշ Կախեթու գլուխ գինի և մի շիշ էլ շամպաին ։
segment_389.wav|Առաջինը Մասխարյանցի համար էր, վերջինը՝ Մաշայի համար։
segment_390.wav|Գիշերվա ժամը երեքն էր, երբ Մասխարյանցը կառք նստած՝ գնաց իրենց
segment_391.wav|Կախեթու գլուխ գինին թեև բավական կպել էր նրան, բայց նրա ուշքն ու միտքը կատարելապես գլխին
segment_392.wav|Անհաստատ քայլերով բարձրանալով երկար պատշգամբը, նա կանգ առավ յուր բռնած բնակարանի սենյակներից մինի դռան առաջ և ամուր բախ
segment_393.wav|Գիշերվա հագուստով ցրտից կուչ եկած նրա կինը՝ Թամարան դուռը բաց
segment_394.wav|Մասխարյանցը, առանց նրա դեմքին նայելու անգամ, ներս
segment_395.wav|Կինը նորից փակեց դուռ
segment_396.wav|Ինչո՞ւ այսքան ուշացար, Գրիգոր, անհամարձակությամբ հարցրեց նա։
segment_397.wav|Մասխարյանցը, որ ուզում էր գնալ յուր սենյակը, հանկարծ կանգ առավ և վառվող աչքերով շուռ եկավ գեպի Թամարը։
segment_398.wav|Քեզ ի՞նչ,գոռաց նա,ես քեզնից հաշիվ պահանջո՞ւմ եմ քո գործերի համար, որ դու ինձանից պահանջում ես
segment_399.wav|Ես քեզ հազար և հարյուր հազար անգամ ասել եմ, որ մենք միմյանց անհատականության վերաբերությամբ ոչինչ գործ չունենանք ասե՞լ եմ, թե ոչ հա՞, ասե՞լ եմ
segment_400.wav|Խեղճ կինը՝ թե՛ ցրտից և թե՛ երկյուղից դողդողալով՝ մնացել էր կուչ եկած դռան մոտ։
segment_401.wav|Նա մինչև անգամ չէր համարձակվում գլուխը բարձրացնել և նայել ամուսնու դեմքին։
segment_402.wav|Ամուսիններ ենք, պետք է ասես,շարունակեց Մասխարյանցը, ինչ որ քեզ է վերաբերում, ես պետք է գիտենամ, ինչ որ ինձ է վերաբերում, դու պետք է գիտենաս։ Այնպես չէ՞։
segment_403.wav|Բայց գիտե՞ս այդպես ով է անում
segment_404.wav|այդպես անում են միայն խարազ Գևոն և փինաչի Մաթոսն իրենց հուռի-մուռիներով
segment_405.wav|իսկ փոքրիշատե կրթված, ինտելիգենտ մարդու համար այդ վաղուց արդեն անախրոնիզմ է դարձել։
segment_406.wav|Քաղաքակրթությունն այժմ պահանջում է ամուսինների մեջ կատարյալ ազատություն, մարդը պարտավոր չէ կնոջը հաշիվ տալու իր գործերի համար, կինը՝ մարդուն, եթե այդ չեն ցանկանում։
segment_407.wav|Լուսավոր Եվրոպայում վաղուց արդեն խորտակված է այն անիծված շղթան, որով մարդ ու կին կապված էին լինում միմյանց հետ իրենց կյանքի ամբողջ ընթացքում, թեկուզ այդ կյանքը թույն լիներ և, ոչ ոք, բացի մահից, իրավունք չուներ այդ շղթան խորտակելու։
segment_408.wav|Մեզանում դեռևս գոյություն ունի այդ շղթան, այդ զարհուրելի շղթան, մեր տգիտության, մեր խավարամտության, մեր հետադիմության շնորհիվ
segment_409.wav|և այդ շղթան ո՞վ է կռում
segment_410.wav|զարհուրելի՜ է.կրո՜նը, եկեղեցին
segment_411.wav|Բայց ես առաջինը կլինեմ մեզանում, որ կփշրեմ այդ շղթան և ցույց կտամ խավարի մեջ նեխած մեր կրոնականներին, որ կրոնը, եկեղեցին ոչինչ են, և որ մարդու, ազատ մարդու համար կա միայն մի ինչ և այդ մի ինչը խղճի և մտքի ազատությունն է
segment_412.wav|Նա գնաց յուր սենյակը, բայց նույն րոպեին դարձյալ ներս
segment_413.wav|Վերջին անգամն եմ ասում, գոռաց նա, այսուհետև այլևս չհամարձակվես ինձ մի որևէ հարց առաջարկելու, թե ինչո՞ւ ուշացա, որտե՞ղ էի և այլն։
segment_414.wav|Այս վերջին տարումս դու իմ հոգին այստեղ հասցրիր
segment_416.wav|Բավական է, որքան ես քեզ հետ խարազ գևոյություն ու փինաչի մաթոսություն արեցի. այլևս չեմ կարող ես չեմ կարող ճնշել իմ մեջ նա ձայնը ավելի բարձրացրեց խղճի և մտքի ազատությունը, հասկանո՞ւմ ես, թե ոչ, չե՜մ կարող. այդ մի սոսկալի սրբապղծություն է, որ հակառակ է իմ դատողությանս, իմ գաղափարներիս, իմ հոգուս։
segment_417.wav|Նա մի քայլ առաջ դրեց դեպի կինը և ձայնը ցածրացնելով, շարունակեց
segment_418.wav|Ես այլևս չեմ կարող քեզ հետ կենակցել, հասկանո՞ւմ ես, թե ոչ։
segment_419.wav|Կենակիցները պետք է միմյանց հասկանան
segment_420.wav|բայց երբ չեն հասկանում, ինչո՞ւ են միասին ապ
segment_421.wav|Ասա խնդրեմ
segment_422.wav|մինչև ե՞րբ պետք է քեզ հետ կերակրի, լվացքի, երեխայի հագուստի և այլ այսպիսի հիմար բաների մասին խոսեմ
segment_423.wav|քաղաքակիրթ և քաղաքական աշխարհում հազար ու մի խնդիրներ, դեպքեր, մտքեր են հուզում, տնտեսական, քաղաքական և սոցիալական նորանոր հարցեր են արծարծում
segment_424.wav|իմ ուղեղս էլ պահանջում է դրանց մասնակից լինել
segment_425.wav|բայց դու կարո՞ղ ես ինձ հետ մտածել, խորհել, լոգիկապես դատել, դու, որ իմ կյանքի ընկերն ես, ինձ հետ միասին ապրում ես
segment_426.wav|Վերջապես, ի՞նչ ես ուզում ինձանից
segment_427.wav|ինչո՞ւ չես գնում մի այնպիսի մարդու մոտ, որ քեզ կհասկանար և որին դու կհասկանայիր։
segment_428.wav|Գնա, ես քեզ ազատություն եմ տալիս
segment_429.wav|միայն թե ինձ էլ ազատ թող
segment_430.wav|Ես խո չե՞մ կարող իմ ամբողջ կյանքս թունավորել միայն նրա համար, որ եկեղեցումը քահանային ասել եմ, թե՝ «տեր եմ»։
segment_431.wav|Այդպես միայն վերին աստիճանի հիմարները կանեն և նրանք, որոնք չգիտեն, թե ինչ է նշանակում խղճի և մտքի ազատություն
segment_432.wav|իսկ ես, ներողություն, այդպիսիներիցը չեմ, այո՛, չե՜մ, չե՜մ
segment_433.wav|Նա լռեց,
segment_434.wav|գնաց դեպի յուր սենյակը, բայց հանկարծ կանգ առավ և շուռ եկավ։
segment_435.wav|Վաղն այլևս չտեսնեմ քեզ այստեղ,ասաց նա կտրուկ, խիստ ձայնով։
segment_436.wav|Գնա՛, ուր ուզում ես, միայն թե՝ ես այլևս չե՛մ կարող քեզ հետ ապրել։ Լսո՞ւմ ես
segment_438.wav|Կինը ցնցվեց և առաջին անգամ աղերսագին նայեց նրան։
segment_439.wav|Գրիգո՜ր շշնջաց նա, և նրա ձայնը դողաց։
segment_440.wav|Ես այլևս չեմ ճանաչում քեզ
segment_441.wav|մենք այսուհետև միմյանց համար օտար ենք։
segment_442.wav|Եվ Մասխարյանցը բռնեց յուր սենյակի դռան փական
segment_443.wav|Գրիգո՛ր,կրկնեց կինը
segment_444.wav|ախր ինչո՞ւ
segment_445.wav|Ինչո՜ւ,գոռաց Մասխարյանցը
segment_446.wav|Որովհետև տգետ ես, ա՛յ ինչու։
segment_447.wav|Սովորեցրու ինձ, ինչ որ ուզում ես, միայն թե մի դուրս հանիր ինձ
segment_448.wav|Սովորեցրո՜ւ ե՞ս սովորեցնեմ Ինձ հարկավոր չէ այնպիսի կին, որ նոր պետք է սովորի։
segment_449.wav|Բաս առաջ չգիտեի՞ր, որ ես տգետ եմ
segment_450.wav|ինչո՞ւ այն ժամանակ ինձ հետ ամուսնաց
segment_451.wav|Կնոջ այդ աստիճան համարձակությունն ավելի բորբոքեց Մասխարյանցին։
segment_452.wav|Այն ժամանակ ուրիշ ժամանակ էր, հիմա՝ ուրիշ ժամանակ, գոռաց նա։
segment_453.wav|Այն ժամանակ իմ հայացքներս ամուսնության վերաբերությամբ ուրիշ տեսակ էին, հիմա՝ ուրիշ տեսակ։
segment_454.wav|Նոր կյանքը միշտ նոր պահանջներ է դնում մարդու վրա
segment_455.wav|իսկ ես հետադեմներից և անշարժականներից չեմ, որ միշտ հնի զուռնայով պար գամ
segment_456.wav|Վա՜ղը, վերջին անգամն եմ ասում, վա՜ղը Կարող ես որդուդ էլ հետդ տանել, եթե ուզում ես։
segment_457.wav|Գրիգո՛ր, Գրիգո՛ր
segment_458.wav|աղերսագին կանչեց կինը մի քանի քայլ առաջ դնելով, բայց Մասխարյանցը դուրս գնալով յուր սենյակը, դուռն ամուր շրխկացրեց յուր հետևից։
segment_459.wav|Թամարն ընկավ դռան մոտ ծնկների վրա, դեմքը ծածկեց ձեռքերով և սաստիկ, զսպած հեկեկանքը խեղդեց նրա կոկորդը։
segment_460.wav|Փոքրիկ, երեք տարեկան աղջիկը, որ հոր գոռում-գոչյունների վրա արթնացել, նստել էր մահճակալի վրա և, ոչինչ չհասկանալով, լուռ վկա էր սենյակում հոր և մոր միջև պատահած անց
segment_461.wav|այժմ լսելով մոր հեկեկանքը, ինքն էլ սկսեց լաց լինել։
segment_462.wav|Հետևյալ օրը գիշերը երկաթուղու երրորդ կարգի վագոններից մինում նստարանի անկյունում շալի մեջ փաթաթված, կուչ եկած նստած էր Թամարը,
segment_463.wav|իսկ գլուխը նրա ծնկանը դրած, փոքրիկ վերմակի տակ, պառկած քնած էր նրա աղ
segment_464.wav|Նրա գլխի վերևը փոքրիկ դարակի վրա ուրիշների ճամպրուկների, կապոցների, արկղիկների հետ սպիտակին էր տալիս և նրա մի ոչ այնքան մեծ կապոցը
segment_465.wav|որի մեջ էր այն բոլորը, ինչ որ նա տանում էր յուր հետ ամուսնու տնից։
segment_466.wav|Նա գնում էր Շ յուր հորանց տուն։
segment_467.wav|Նրա աչքերը շատ լաց լինելուց կարմրել, ուռել էին, սիրտը լցված էր
segment_468.wav|ամեն մի րոպե պատրաստ էր հեկեկալու։
segment_469.wav|Ախր ի՞նչ էր արել ինքը
segment_470.wav|ի՞նչ մեղք էր գործել, որ ամուսինն այդպես խայտառակ կերպով վռնդում էր յուր
segment_471.wav|Նա այնքա՜ն սիրում էր Գրիգորին, այնքա՜ն նվիրված էր յուր տուն ու տեղին
segment_472.wav|ուրեմն ուրիշ էլ ի՞նչ էր ուզում Գրիգորը նրանից
segment_473.wav|«Իհարկե, նա սիրում է ուրիշին և ինձ դուրս է անում»
segment_474.wav|մտածում էր Թամարը և որքան նա աշխատում էր ուրիշ կերպ բացատրել յուր ամուսնու վարմունքը, դարձյալ և դարձյալ պատճառն այն էր դուրս գալիս, ինչ որ մի անգամից տպավորվել էր նրա ուղեղում։
